file,frame,distance_safe,sitting
nopeople.h5,0,True,True
nopeople.h5,1,True,True
nopeople.h5,2,True,True
nopeople.h5,3,True,True
nopeople.h5,4,True,True
nopeople.h5,5,True,True
nopeople.h5,6,True,True
nopeople.h5,7,True,False
nopeople.h5,8,True,False
nopeople.h5,9,True,False
nopeople.h5,10,True,False
nopeople.h5,11,True,False
nopeople.h5,12,True,False
nopeople.h5,13,True,False
nopeople.h5,14,True,False
nopeople.h5,15,True,False
nopeople.h5,16,True,False
nopeople.h5,17,True,False
nopeople.h5,18,True,False
nopeople.h5,19,True,False
nopeople.h5,20,True,False
nopeople.h5,21,True,False
nopeople.h5,22,True,False
nopeople.h5,23,True,False
nopeople.h5,24,True,False
nopeople.h5,25,True,False
nopeople.h5,26,True,False
nopeople.h5,27,True,False
nopeople.h5,28,True,False
nopeople.h5,29,True,False
nopeople.h5,30,True,False
nopeople.h5,31,True,False
nopeople.h5,32,True,False
nopeople.h5,33,True,False
nopeople.h5,34,True,False
nopeople.h5,35,True,False
nopeople.h5,36,True,False
nopeople.h5,37,True,False
nopeople.h5,38,True,False
nopeople.h5,39,True,False
nopeople.h5,40,True,False
nopeople.h5,41,True,False
nopeople.h5,42,True,False
nopeople.h5,43,True,False
nopeople.h5,44,True,False
nopeople.h5,45,True,False
nopeople.h5,46,True,False
nopeople.h5,47,True,False
nopeople.h5,48,True,False
nopeople.h5,49,True,False
nopeople.h5,50,True,False
nopeople.h5,51,True,False
nopeople.h5,52,True,False
nopeople.h5,53,True,False
nopeople.h5,54,True,False
nopeople.h5,55,True,False
nopeople.h5,56,True,False
nopeople.h5,57,True,False
nopeople.h5,58,True,False
nopeople.h5,59,True,False
nopeople.h5,60,True,False
nopeople.h5,61,True,False
nopeople.h5,62,True,False
nopeople.h5,63,True,False
nopeople.h5,64,True,False
nopeople.h5,65,True,False
nopeople.h5,66,True,False
nopeople.h5,67,True,False
nopeople.h5,68,True,False
nopeople.h5,69,True,False
nopeople.h5,70,True,False
nopeople.h5,71,True,False
nopeople.h5,72,True,False
nopeople.h5,73,True,False
nopeople.h5,74,True,False
nopeople.h5,75,True,False
nopeople.h5,76,True,False
nopeople.h5,77,True,False
nopeople.h5,78,True,False
nopeople.h5,79,True,False
nopeople.h5,80,True,False
nopeople.h5,81,True,False
nopeople.h5,82,True,False
nopeople.h5,83,True,False
nopeople.h5,84,True,False
nopeople.h5,85,True,False
nopeople.h5,86,True,False
nopeople.h5,87,True,False
nopeople.h5,88,True,False
nopeople.h5,89,True,False
nopeople.h5,90,True,False
nopeople.h5,91,True,False
nopeople.h5,92,True,False
nopeople.h5,93,True,False
nopeople.h5,94,True,False
nopeople.h5,95,True,False
nopeople.h5,96,True,False
nopeople.h5,97,True,False
nopeople.h5,98,True,False
nopeople.h5,99,True,False
nopeople.h5,100,True,False
nopeople.h5,101,True,False
nopeople.h5,102,True,False
nopeople.h5,103,True,False
nopeople.h5,104,True,False
nopeople.h5,105,True,False
nopeople.h5,106,True,False
nopeople.h5,107,True,False
nopeople.h5,108,True,False
nopeople.h5,109,True,False
nopeople.h5,110,True,False
nopeople.h5,111,True,False
nopeople.h5,112,True,False
nopeople.h5,113,True,False
nopeople.h5,114,True,False
nopeople.h5,115,True,False
nopeople.h5,116,True,False
nopeople.h5,117,True,False
nopeople.h5,118,True,False
nopeople.h5,119,True,False
nopeople.h5,120,True,False
nopeople.h5,121,True,False
nopeople.h5,122,True,False
nopeople.h5,123,True,False
nopeople.h5,124,True,False
nopeople.h5,125,True,False
nopeople.h5,126,True,False
nopeople.h5,127,True,False
nopeople.h5,128,True,False
nopeople.h5,129,True,False
nopeople.h5,130,True,False
nopeople.h5,131,True,False
nopeople.h5,132,True,False
nopeople.h5,133,True,False
nopeople.h5,134,True,False
nopeople.h5,135,True,False
nopeople.h5,136,True,False
nopeople.h5,137,True,False
nopeople.h5,138,True,False
nopeople.h5,139,True,False
nopeople.h5,140,True,False
nopeople.h5,141,True,False
nopeople.h5,142,True,False
nopeople.h5,143,True,False
nopeople.h5,144,True,False
nopeople.h5,145,True,False
nopeople.h5,146,True,False
nopeople.h5,147,True,False
nopeople.h5,148,True,False
nopeople.h5,149,True,False
nopeople.h5,150,True,False
nopeople.h5,151,True,False
nopeople.h5,152,True,False
nopeople.h5,153,True,False
nopeople.h5,154,True,False
nopeople.h5,155,True,False
nopeople.h5,156,True,False
nopeople.h5,157,True,False
nopeople.h5,158,True,False
nopeople.h5,159,True,False
nopeople.h5,160,True,False
nopeople.h5,161,True,False
nopeople.h5,162,True,False
nopeople.h5,163,True,False
nopeople.h5,164,True,False
nopeople.h5,165,True,False
nopeople.h5,166,True,False
nopeople.h5,167,True,False
nopeople.h5,168,True,False
nopeople.h5,169,True,False
nopeople.h5,170,True,False
nopeople.h5,171,True,False
nopeople.h5,172,True,False
nopeople.h5,173,True,False
nopeople.h5,174,True,False
nopeople.h5,175,True,False
nopeople.h5,176,True,False
nopeople.h5,177,True,False
nopeople.h5,178,True,False
nopeople.h5,179,True,False
nopeople.h5,180,True,False
nopeople.h5,181,True,False
nopeople.h5,182,True,False
nopeople.h5,183,True,False
nopeople.h5,184,True,False
nopeople.h5,185,True,False
nopeople.h5,186,True,False
nopeople.h5,187,True,False
nopeople.h5,188,True,False
nopeople.h5,189,True,False
nopeople.h5,190,True,False
nopeople.h5,191,True,False
nopeople.h5,192,True,False
nopeople.h5,193,True,False
nopeople.h5,194,True,False
nopeople.h5,195,True,False
nopeople.h5,196,True,False
nopeople.h5,197,True,False
nopeople.h5,198,True,False
nopeople.h5,199,True,False
nopeople.h5,200,True,False
nopeople.h5,201,True,False
nopeople.h5,202,True,False
nopeople.h5,203,True,False
nopeople.h5,204,True,False
nopeople.h5,205,True,False
nopeople.h5,206,True,False
nopeople.h5,207,True,False
nopeople.h5,208,True,False
nopeople.h5,209,True,False
nopeople.h5,210,True,False
nopeople.h5,211,True,False
nopeople.h5,212,True,False
nopeople.h5,213,True,False
nopeople.h5,214,True,False
nopeople.h5,215,True,False
nopeople.h5,216,True,False
nopeople.h5,217,True,False
nopeople.h5,218,True,False
nopeople.h5,219,True,False
nopeople.h5,220,True,False
nopeople.h5,221,True,False
nopeople.h5,222,True,False
nopeople.h5,223,True,False
nopeople.h5,224,True,False
nopeople.h5,225,True,False
nopeople.h5,226,True,False
nopeople.h5,227,True,False
nopeople.h5,228,True,False
nopeople.h5,229,True,False
nopeople.h5,230,True,False
nopeople.h5,231,True,False
nopeople.h5,232,True,False
nopeople.h5,233,True,False
nopeople.h5,234,True,False
nopeople.h5,235,True,False
nopeople.h5,236,True,False
nopeople.h5,237,True,False
nopeople.h5,238,True,False
nopeople.h5,239,True,False
nopeople.h5,240,True,False
nopeople.h5,241,True,False
nopeople.h5,242,True,False
nopeople.h5,243,True,False
nopeople.h5,244,True,False
nopeople.h5,245,True,False
nopeople.h5,246,True,False
nopeople.h5,247,True,False
nopeople.h5,248,True,False
nopeople.h5,249,True,False
nopeople.h5,250,True,False
nopeople.h5,251,True,False
nopeople.h5,252,True,False
nopeople.h5,253,True,False
nopeople.h5,254,True,False
nopeople.h5,255,True,False
nopeople.h5,256,True,False
nopeople.h5,257,True,False
nopeople.h5,258,True,False
nopeople.h5,259,True,False
nopeople.h5,260,True,False
nopeople.h5,261,True,False
nopeople.h5,262,True,False
nopeople.h5,263,True,False
nopeople.h5,264,True,False
nopeople.h5,265,True,False
nopeople.h5,266,True,False
nopeople.h5,267,True,False
nopeople.h5,268,True,False
nopeople.h5,269,True,False
nopeople.h5,270,True,False
nopeople.h5,271,True,False
nopeople.h5,272,True,False
nopeople.h5,273,True,False
nopeople.h5,274,True,False
nopeople.h5,275,True,False
nopeople.h5,276,True,False
nopeople.h5,277,True,False
nopeople.h5,278,True,False
nopeople.h5,279,True,False
nopeople.h5,280,True,False
nopeople.h5,281,True,False
nopeople.h5,282,True,False
nopeople.h5,283,True,False
nopeople.h5,284,True,False
nopeople.h5,285,True,False
nopeople.h5,286,True,False
nopeople.h5,287,True,False
nopeople.h5,288,True,False
nopeople.h5,289,True,False
nopeople.h5,290,True,False
nopeople.h5,291,True,False
nopeople.h5,292,True,False
nopeople.h5,293,True,False
nopeople.h5,294,True,False
nopeople.h5,295,True,False
nopeople.h5,296,True,False
nopeople.h5,297,True,False
nopeople.h5,298,True,False
nopeople.h5,299,True,False
nopeople.h5,300,True,False
nopeople.h5,301,True,False
nopeople.h5,302,True,False
nopeople.h5,303,True,False
nopeople.h5,304,True,False
nopeople.h5,305,True,False
nopeople.h5,306,True,False
nopeople.h5,307,True,False
nopeople.h5,308,True,False
nopeople.h5,309,True,False
nopeople.h5,310,True,False
nopeople.h5,311,True,False
nopeople.h5,312,True,False
nopeople.h5,313,True,False
nopeople.h5,314,True,False
nopeople.h5,315,True,False
nopeople.h5,316,True,False
nopeople.h5,317,True,False
nopeople.h5,318,True,False
nopeople.h5,319,True,False
nopeople.h5,320,True,False
nopeople.h5,321,True,False
nopeople.h5,322,True,False
nopeople.h5,323,True,False
nopeople.h5,324,True,False
nopeople.h5,325,True,False
nopeople.h5,326,True,False
nopeople.h5,327,True,False
nopeople.h5,328,True,False
nopeople.h5,329,True,False
nopeople.h5,330,True,False
nopeople.h5,331,True,False
nopeople.h5,332,True,False
nopeople.h5,333,True,False
nopeople.h5,334,True,False
nopeople.h5,335,True,False
nopeople.h5,336,True,False
nopeople.h5,337,True,False
nopeople.h5,338,True,False
nopeople.h5,339,True,False
nopeople.h5,340,True,False
nopeople.h5,341,True,False
nopeople.h5,342,True,False
nopeople.h5,343,True,False
nopeople.h5,344,True,False
nopeople.h5,345,True,False
nopeople.h5,346,True,False
nopeople.h5,347,True,False
nopeople.h5,348,True,False
nopeople.h5,349,True,False
nopeople.h5,350,True,False
nopeople.h5,351,True,False
nopeople.h5,352,True,False
nopeople.h5,353,True,False
nopeople.h5,354,True,False
nopeople.h5,355,True,False
nopeople.h5,356,True,False
nopeople.h5,357,True,False
nopeople.h5,358,True,False
nopeople.h5,359,True,False
nopeople.h5,360,True,False
nopeople.h5,361,True,False
nopeople.h5,362,True,False
nopeople.h5,363,True,False
nopeople.h5,364,True,False
nopeople.h5,365,True,False
nopeople.h5,366,True,False
nopeople.h5,367,True,False
nopeople.h5,368,True,False
nopeople.h5,369,True,False
nopeople.h5,370,True,False
nopeople.h5,371,True,False
nopeople.h5,372,True,False
nopeople.h5,373,True,False
nopeople.h5,374,True,False
nopeople.h5,375,True,False
nopeople.h5,376,True,False
nopeople.h5,377,True,False
nopeople.h5,378,True,False
nopeople.h5,379,True,False
nopeople.h5,380,True,False
nopeople.h5,381,True,False
nopeople.h5,382,True,False
nopeople.h5,383,True,False
nopeople.h5,384,True,False
nopeople.h5,385,True,False
nopeople.h5,386,True,False
nopeople.h5,387,True,False
nopeople.h5,388,True,False
nopeople.h5,389,True,False
nopeople.h5,390,True,False
nopeople.h5,391,True,False
nopeople.h5,392,True,False
nopeople.h5,393,True,False
nopeople.h5,394,True,False
nopeople.h5,395,True,False
nopeople.h5,396,True,False
nopeople.h5,397,True,False
nopeople.h5,398,True,False
nopeople.h5,399,True,False
nopeople.h5,400,True,False
nopeople.h5,401,True,False
nopeople.h5,402,True,False
nopeople.h5,403,True,False
nopeople.h5,404,True,False
nopeople.h5,405,True,False
nopeople.h5,406,True,False
nopeople.h5,407,True,False
nopeople.h5,408,True,False
nopeople.h5,409,True,False
nopeople.h5,410,True,False
nopeople.h5,411,True,False
nopeople.h5,412,True,False
nopeople.h5,413,True,False
nopeople.h5,414,True,False
nopeople.h5,415,True,False
nopeople.h5,416,True,False
nopeople.h5,417,True,False
nopeople.h5,418,True,False
nopeople.h5,419,True,False
nopeople.h5,420,True,False
nopeople.h5,421,True,False
nopeople.h5,422,True,False
nopeople.h5,423,True,False
nopeople.h5,424,True,False
nopeople.h5,425,True,False
nopeople.h5,426,True,False
nopeople.h5,427,True,False
nopeople.h5,428,True,False
nopeople.h5,429,True,False
nopeople.h5,430,True,False
nopeople.h5,431,True,False
nopeople.h5,432,True,False
nopeople.h5,433,True,False
nopeople.h5,434,True,False
nopeople.h5,435,True,False
nopeople.h5,436,True,False
nopeople.h5,437,True,False
nopeople.h5,438,True,False
nopeople.h5,439,True,False
nopeople.h5,440,True,False
nopeople.h5,441,True,False
nopeople.h5,442,True,False
nopeople.h5,443,True,False
nopeople.h5,444,True,False
nopeople.h5,445,True,False
nopeople.h5,446,True,False
nopeople.h5,447,True,False
nopeople.h5,448,True,False
nopeople.h5,449,True,False
nopeople.h5,450,True,False
nopeople.h5,451,True,False
nopeople.h5,452,True,False
nopeople.h5,453,True,False
nopeople.h5,454,True,False
nopeople.h5,455,True,False
nopeople.h5,456,True,False
nopeople.h5,457,True,False
nopeople.h5,458,True,False
nopeople.h5,459,True,False
nopeople.h5,460,True,False
nopeople.h5,461,True,False
nopeople.h5,462,True,False
nopeople.h5,463,True,False
nopeople.h5,464,True,False
nopeople.h5,465,True,False
nopeople.h5,466,True,False
nopeople.h5,467,True,False
nopeople.h5,468,True,False
nopeople.h5,469,True,False
nopeople.h5,470,True,False
nopeople.h5,471,True,False
nopeople.h5,472,True,False
nopeople.h5,473,True,False
nopeople.h5,474,True,False
nopeople.h5,475,True,False
nopeople.h5,476,True,False
nopeople.h5,477,True,False
nopeople.h5,478,True,False
nopeople.h5,479,True,False
nopeople.h5,480,True,False
nopeople.h5,481,True,False
nopeople.h5,482,True,False
nopeople.h5,483,True,False
nopeople.h5,484,True,False
nopeople.h5,485,True,False
nopeople.h5,486,True,False
nopeople.h5,487,True,False
nopeople.h5,488,True,False
nopeople.h5,489,True,False
nopeople.h5,490,True,False
nopeople.h5,491,True,False
nopeople.h5,492,True,False
nopeople.h5,493,True,False
nopeople.h5,494,True,False
nopeople.h5,495,True,False
nopeople.h5,496,True,False
nopeople.h5,497,True,False
nopeople.h5,498,True,False
nopeople.h5,499,True,False
nopeople.h5,500,True,False
nopeople.h5,501,True,False
nopeople.h5,502,True,False
nopeople.h5,503,True,False
nopeople.h5,504,True,False
nopeople.h5,505,True,False
nopeople.h5,506,True,False
nopeople.h5,507,True,False
nopeople.h5,508,True,False
nopeople.h5,509,True,False
nopeople.h5,510,True,False
nopeople.h5,511,True,False
nopeople.h5,512,True,False
nopeople.h5,513,True,False
nopeople.h5,514,True,False
nopeople.h5,515,True,False
nopeople.h5,516,True,False
nopeople.h5,517,True,False
nopeople.h5,518,True,False
nopeople.h5,519,True,False
nopeople.h5,520,True,False
nopeople.h5,521,True,False
nopeople.h5,522,True,False
nopeople.h5,523,True,False
nopeople.h5,524,True,False
nopeople.h5,525,True,False
nopeople.h5,526,True,False
nopeople.h5,527,True,False
nopeople.h5,528,True,False
nopeople.h5,529,True,False
nopeople.h5,530,True,False
nopeople.h5,531,True,False
nopeople.h5,532,True,False
nopeople.h5,533,True,False
nopeople.h5,534,True,False
nopeople.h5,535,True,False
nopeople.h5,536,True,False
nopeople.h5,537,True,False
nopeople.h5,538,True,False
nopeople.h5,539,True,False
nopeople.h5,540,True,False
nopeople.h5,541,True,False
nopeople.h5,542,True,False
nopeople.h5,543,True,False
nopeople.h5,544,True,False
nopeople.h5,545,True,False
nopeople.h5,546,True,False
nopeople.h5,547,True,False
nopeople.h5,548,True,False
nopeople.h5,549,True,False
nopeople.h5,550,True,False
nopeople.h5,551,True,False
nopeople.h5,552,True,False
nopeople.h5,553,True,False
nopeople.h5,554,True,False
nopeople.h5,555,True,False
nopeople.h5,556,True,False
nopeople.h5,557,True,False
nopeople.h5,558,True,False
nopeople.h5,559,True,False
nopeople.h5,560,True,False
nopeople.h5,561,True,False
nopeople.h5,562,True,False
nopeople.h5,563,True,False
nopeople.h5,564,True,False
nopeople.h5,565,True,False
nopeople.h5,566,True,False
nopeople.h5,567,True,False
nopeople.h5,568,True,False
nopeople.h5,569,True,False
nopeople.h5,570,True,False
nopeople.h5,571,True,False
nopeople.h5,572,True,False
nopeople.h5,573,True,False
nopeople.h5,574,True,False
nopeople.h5,575,True,False
nopeople.h5,576,True,False
nopeople.h5,577,True,False
nopeople.h5,578,True,False
nopeople.h5,579,True,False
nopeople.h5,580,True,False
nopeople.h5,581,True,False
nopeople.h5,582,True,False
nopeople.h5,583,True,False
nopeople.h5,584,True,False
nopeople.h5,585,True,False
nopeople.h5,586,True,False
nopeople.h5,587,True,False
nopeople.h5,588,True,False
nopeople.h5,589,True,False
nopeople.h5,590,True,False
nopeople.h5,591,True,False
nopeople.h5,592,True,False
nopeople.h5,593,True,False
nopeople.h5,594,True,False
nopeople.h5,595,True,False
nopeople.h5,596,True,False
nopeople.h5,597,True,False
nopeople.h5,598,True,False
nopeople.h5,599,True,False
nopeople.h5,600,True,False
nopeople.h5,601,True,False
nopeople.h5,602,True,False
nopeople.h5,603,True,False
nopeople.h5,604,True,False
nopeople.h5,605,True,False
nopeople.h5,606,True,False
nopeople.h5,607,True,False
nopeople.h5,608,True,False
nopeople.h5,609,True,False
nopeople.h5,610,True,False
nopeople.h5,611,True,False
nopeople.h5,612,True,False
nopeople.h5,613,True,False
nopeople.h5,614,True,False
nopeople.h5,615,True,False
nopeople.h5,616,True,False
nopeople.h5,617,True,False
nopeople.h5,618,True,False
nopeople.h5,619,True,False
nopeople.h5,620,True,False
nopeople.h5,621,True,False
nopeople.h5,622,True,False
nopeople.h5,623,True,False
nopeople.h5,624,True,False
nopeople.h5,625,True,False
nopeople.h5,626,True,False
nopeople.h5,627,True,False
nopeople.h5,628,True,False
nopeople.h5,629,True,False
nopeople.h5,630,True,False
nopeople.h5,631,True,False
nopeople.h5,632,True,False
nopeople.h5,633,True,False
nopeople.h5,634,True,False
nopeople.h5,635,True,False
nopeople.h5,636,True,False
nopeople.h5,637,True,False
nopeople.h5,638,True,False
nopeople.h5,639,True,False
nopeople.h5,640,True,False
nopeople.h5,641,True,False
nopeople.h5,642,True,False
nopeople.h5,643,True,False
nopeople.h5,644,True,False
nopeople.h5,645,True,False
nopeople.h5,646,True,False
nopeople.h5,647,True,False
nopeople.h5,648,True,False
nopeople.h5,649,True,False
nopeople.h5,650,True,False
nopeople.h5,651,True,False
nopeople.h5,652,True,False
nopeople.h5,653,True,False
nopeople.h5,654,True,False
nopeople.h5,655,True,False
nopeople.h5,656,True,False
nopeople.h5,657,True,False
nopeople.h5,658,True,False
nopeople.h5,659,True,False
nopeople.h5,660,True,False
nopeople.h5,661,True,False
nopeople.h5,662,True,False
nopeople.h5,663,True,False
nopeople.h5,664,True,False
nopeople.h5,665,True,False
nopeople.h5,666,True,False
nopeople.h5,667,True,False
nopeople.h5,668,True,False
nopeople.h5,669,True,False
nopeople.h5,670,True,False
nopeople.h5,671,True,False
nopeople.h5,672,True,False
nopeople.h5,673,True,False
nopeople.h5,674,True,False
nopeople.h5,675,True,False
nopeople.h5,676,True,False
nopeople.h5,677,True,False
nopeople.h5,678,True,False
nopeople.h5,679,True,False
nopeople.h5,680,True,False
nopeople.h5,681,True,False
nopeople.h5,682,True,False
nopeople.h5,683,True,False
nopeople.h5,684,True,False
nopeople.h5,685,True,False
nopeople.h5,686,True,False
nopeople.h5,687,True,False
nopeople.h5,688,True,False
nopeople.h5,689,True,False
nopeople.h5,690,True,False
nopeople.h5,691,True,False
nopeople.h5,692,True,False
nopeople.h5,693,True,False
nopeople.h5,694,True,False
nopeople.h5,695,True,False
nopeople.h5,696,True,False
nopeople.h5,697,True,False
nopeople.h5,698,True,False
nopeople.h5,699,True,False
nopeople.h5,700,True,False
nopeople.h5,701,True,False
nopeople.h5,702,True,False
nopeople.h5,703,True,False
nopeople.h5,704,True,False
nopeople.h5,705,True,False
nopeople.h5,706,True,False
nopeople.h5,707,True,False
nopeople.h5,708,True,False
nopeople.h5,709,True,False
nopeople.h5,710,True,False
nopeople.h5,711,True,False
nopeople.h5,712,True,False
nopeople.h5,713,True,False
nopeople.h5,714,True,False
nopeople.h5,715,True,False
nopeople.h5,716,True,False
nopeople.h5,717,True,False
nopeople.h5,718,True,False
nopeople.h5,719,True,False
nopeople.h5,720,True,False
nopeople.h5,721,True,False
nopeople.h5,722,True,False
nopeople.h5,723,True,False
nopeople.h5,724,True,False
nopeople.h5,725,True,False
nopeople.h5,726,True,False
nopeople.h5,727,True,False
nopeople.h5,728,True,False
nopeople.h5,729,True,False
nopeople.h5,730,True,False
nopeople.h5,731,True,False
nopeople.h5,732,True,False
nopeople.h5,733,True,False
nopeople.h5,734,True,False
nopeople.h5,735,True,False
nopeople.h5,736,True,False
nopeople.h5,737,True,False
nopeople.h5,738,True,False
nopeople.h5,739,True,False
nopeople.h5,740,True,False
nopeople.h5,741,True,False
nopeople.h5,742,True,False
nopeople.h5,743,True,False
nopeople.h5,744,True,False
nopeople.h5,745,True,False
nopeople.h5,746,True,False
nopeople.h5,747,True,False
nopeople.h5,748,True,False
nopeople.h5,749,True,False
nopeople.h5,750,True,False
nopeople.h5,751,True,False
nopeople.h5,752,True,False
nopeople.h5,753,True,False
nopeople.h5,754,True,False
nopeople.h5,755,True,False
nopeople.h5,756,True,False
nopeople.h5,757,True,False
nopeople.h5,758,True,False
nopeople.h5,759,True,False
nopeople.h5,760,True,False
nopeople.h5,761,True,False
nopeople.h5,762,True,False
nopeople.h5,763,True,False
nopeople.h5,764,True,False
nopeople.h5,765,True,False
nopeople.h5,766,True,False
nopeople.h5,767,True,False
nopeople.h5,768,True,False
nopeople.h5,769,True,False
nopeople.h5,770,True,False
nopeople.h5,771,True,False
nopeople.h5,772,True,False
nopeople.h5,773,True,False
nopeople.h5,774,True,False
nopeople.h5,775,True,False
nopeople.h5,776,True,False
nopeople.h5,777,True,False
nopeople.h5,778,True,False
nopeople.h5,779,True,False
nopeople.h5,780,True,False
nopeople.h5,781,True,False
nopeople.h5,782,True,False
nopeople.h5,783,True,False
nopeople.h5,784,True,False
nopeople.h5,785,True,False
nopeople.h5,786,True,False
nopeople.h5,787,True,False
nopeople.h5,788,True,False
nopeople.h5,789,True,False
nopeople.h5,790,True,False
nopeople.h5,791,True,False
nopeople.h5,792,True,False
nopeople.h5,793,True,False
nopeople.h5,794,True,False
nopeople.h5,795,True,False
nopeople.h5,796,True,False
nopeople.h5,797,True,False
nopeople.h5,798,True,False
nopeople.h5,799,True,False
nopeople.h5,800,True,False
nopeople.h5,801,True,False
nopeople.h5,802,True,False
nopeople.h5,803,True,False
nopeople.h5,804,True,False
nopeople.h5,805,True,False
nopeople.h5,806,True,False
nopeople.h5,807,True,False
nopeople.h5,808,True,False
nopeople.h5,809,True,False
nopeople.h5,810,True,False
nopeople.h5,811,True,False
nopeople.h5,812,True,False
nopeople.h5,813,True,False
nopeople.h5,814,True,False
nopeople.h5,815,True,False
nopeople.h5,816,True,False
nopeople.h5,817,True,False
nopeople.h5,818,True,False
nopeople.h5,819,True,False
nopeople.h5,820,True,False
nopeople.h5,821,True,False
nopeople.h5,822,True,False
nopeople.h5,823,True,False
nopeople.h5,824,True,False
nopeople.h5,825,True,False
nopeople.h5,826,True,False
nopeople.h5,827,True,False
nopeople.h5,828,True,False
nopeople.h5,829,True,False
nopeople.h5,830,True,False
nopeople.h5,831,True,False
nopeople.h5,832,True,False
nopeople.h5,833,True,False
nopeople.h5,834,True,False
nopeople.h5,835,True,False
nopeople.h5,836,True,False
nopeople.h5,837,True,False
nopeople.h5,838,True,False
nopeople.h5,839,True,False
nopeople.h5,840,True,False
nopeople.h5,841,True,False
nopeople.h5,842,True,False
nopeople.h5,843,True,False
nopeople.h5,844,True,False
nopeople.h5,845,True,False
nopeople.h5,846,True,False
nopeople.h5,847,True,False
nopeople.h5,848,True,False
nopeople.h5,849,True,False
nopeople.h5,850,True,False
nopeople.h5,851,True,False
nopeople.h5,852,True,False
nopeople.h5,853,True,False
nopeople.h5,854,True,False
nopeople.h5,855,True,False
nopeople.h5,856,True,False
nopeople.h5,857,True,False
nopeople.h5,858,True,False
nopeople.h5,859,True,False
nopeople.h5,860,True,False
nopeople.h5,861,True,False
nopeople.h5,862,True,False
nopeople.h5,863,True,False
nopeople.h5,864,True,False
nopeople.h5,865,True,False
nopeople.h5,866,True,False
nopeople.h5,867,True,False
nopeople.h5,868,True,False
nopeople.h5,869,True,False
nopeople.h5,870,True,False
nopeople.h5,871,True,False
nopeople.h5,872,True,False
nopeople.h5,873,True,False
nopeople.h5,874,True,False
nopeople.h5,875,True,False
nopeople.h5,876,True,False
nopeople.h5,877,True,False
nopeople.h5,878,True,False
nopeople.h5,879,True,False
nopeople.h5,880,True,False
nopeople.h5,881,True,False
nopeople.h5,882,True,False
nopeople.h5,883,True,False
nopeople.h5,884,True,False
nopeople.h5,885,True,False
nopeople.h5,886,True,False
nopeople.h5,887,True,False
nopeople.h5,888,True,False
nopeople.h5,889,True,False
nopeople.h5,890,True,False
nopeople.h5,891,True,False
nopeople.h5,892,True,False
nopeople.h5,893,True,False
nopeople.h5,894,True,False
nopeople.h5,895,True,False
nopeople.h5,896,True,False
nopeople.h5,897,True,False
nopeople.h5,898,True,False
nopeople.h5,899,True,False
nopeople.h5,900,True,False
nopeople.h5,901,True,False
nopeople.h5,902,True,False
nopeople.h5,903,True,False
nopeople.h5,904,True,False
nopeople.h5,905,True,False
nopeople.h5,906,True,False
nopeople.h5,907,True,False
nopeople.h5,908,True,False
nopeople.h5,909,True,False
nopeople.h5,910,True,False
nopeople.h5,911,True,False
nopeople.h5,912,True,False
nopeople.h5,913,True,False
nopeople.h5,914,True,False
nopeople.h5,915,True,False
nopeople.h5,916,True,False
nopeople.h5,917,True,False
nopeople.h5,918,True,False
nopeople.h5,919,True,False
nopeople.h5,920,True,False
nopeople.h5,921,True,False
nopeople.h5,922,True,False
nopeople.h5,923,True,False
nopeople.h5,924,True,False
nopeople.h5,925,True,False
nopeople.h5,926,True,False
nopeople.h5,927,True,False
nopeople.h5,928,True,False
nopeople.h5,929,True,False
nopeople.h5,930,True,False
nopeople.h5,931,True,False
nopeople.h5,932,True,False
nopeople.h5,933,True,False
nopeople.h5,934,True,False
nopeople.h5,935,True,False
nopeople.h5,936,True,False
nopeople.h5,937,True,False
nopeople.h5,938,True,False
nopeople.h5,939,True,False
nopeople.h5,940,True,False
nopeople.h5,941,True,False
nopeople.h5,942,True,False
nopeople.h5,943,True,False
nopeople.h5,944,True,False
nopeople.h5,945,True,False
nopeople.h5,946,True,False
nopeople.h5,947,True,False
nopeople.h5,948,True,False
nopeople.h5,949,True,False
nopeople.h5,950,True,False
nopeople.h5,951,True,False
nopeople.h5,952,True,False
nopeople.h5,953,True,False
nopeople.h5,954,True,False
nopeople.h5,955,True,False
nopeople.h5,956,True,False
nopeople.h5,957,True,False
nopeople.h5,958,True,False
nopeople.h5,959,True,False
nopeople.h5,960,True,False
nopeople.h5,961,True,False
nopeople.h5,962,True,False
nopeople.h5,963,True,False
nopeople.h5,964,True,False
nopeople.h5,965,True,False
nopeople.h5,966,True,False
nopeople.h5,967,True,False
nopeople.h5,968,True,False
nopeople.h5,969,True,False
nopeople.h5,970,True,False
nopeople.h5,971,True,False
nopeople.h5,972,True,False
nopeople.h5,973,True,False
nopeople.h5,974,True,False
nopeople.h5,975,True,False
nopeople.h5,976,True,False
nopeople.h5,977,True,False
nopeople.h5,978,True,False
nopeople.h5,979,True,False
nopeople.h5,980,True,False
nopeople.h5,981,True,False
nopeople.h5,982,True,False
nopeople.h5,983,True,False
nopeople.h5,984,True,False
nopeople.h5,985,True,False
nopeople.h5,986,True,False
nopeople.h5,987,True,False
nopeople.h5,988,True,False
nopeople.h5,989,True,False
nopeople.h5,990,True,False
nopeople.h5,991,True,False
nopeople.h5,992,True,False
nopeople.h5,993,True,False
nopeople.h5,994,True,False
nopeople.h5,995,True,False
nopeople.h5,996,True,False
nopeople.h5,997,True,False
nopeople.h5,998,True,False
nopeople.h5,999,True,False
